Quartal,Jahr,bergbau_sek2,verarbeitendes_gewerbe_sek2,herstellung_nahrungsmittel_sek2,herstellung_textilien_sek2,herstellung_holzwaren_sek2,kokerei_sek2,herstellung_pharmaeutika_sek2,herstellung_kunststoff_sek2,herstellung_metall_sek2,herstellung_datenverarb_geraete_sek2,herstellung_elektr_sek2,maschinenbau_sek2,fahrzeugbau_sek2,herstellung_sonstiges_sek2,energieversorgung_sek2,wasserversorgung_sek2,baugewerbe_sek2,hoch_tiefbau_sek2,sonstiges_asubaugewerbe_sek2,kraftfahrzeuge_sek3,motorfahrzeuge_sek3,grosshande_sek3,detailhande_sek3,verkehr_sek3,landverkehr_sek3,schifffahrt_sek3,lagerei_sek3,postdienste_sek3,gastgewerbe_sek3,beherbergung_sek3,gastronomie_sek3,information_kommunikation_sek3,wirtschaftspruefung_sek3,telekommunikation_sek3,informationstechnologische_informationsdienstl_sek3,finanz_versicherungsdienstl_sek3,erbringung_finanzdienstleistungen_sek3,versicherungen_sek3,versicherungsdienstl_taetigk_sek3,grundstuecks_wohnungswesen_sek3,freiberufliche_dienstleistungen_sek3,wirtschaftspruefung_sek3,unternehmensberatung_sek3,architektur_ingenieur_sek3,forschung_entwicklung_sek3,sonstige_freiberufl_dienstleistungen_sek3,sonstigen_dienstl_sek3,sonstigen_dienstl2_sek3,vermittlung_arbeitskraefte_sek3,oeffentliche_verwaltung_sek3,erziehung_unterricht_sek3,gesundheits_sozialwesen_sek3,gesundheitswesen_sek3,heime_sek3,sozialwesen_sek3,kunst_sek3,sonstige_dienstleistungen_total_sek3
q3-1991,1991,6865.74,802077.27,82644.89,50542.14,107967.9,53266.37,24502.38,51105.47,113275.56,88690.04,45773.65,120410.89,7001.84,56896.14,23202.02,14096.81,372006.8,155774.48,216232.32,565534.32,76994.52,195617.6,292922.2,202197.69,98775.78,24437.33,28017.36,50967.21,233558.85,80867.09,152691.76,75101.37,29017.99,20115.22,25968.16,188580.69,125250.39,50763.33,12566.98,20771.73,199011.09,29017.99,30061.73,76486.8,12020.62,35515.56,90259.27,71848.47,18410.8,120886.36,138520.34,259816.81,164484.91,63725.99,31605.9,31611.9,97839.52
q4-1991,1991,6547.25,787392.96,81008.58,49524.53,105425.24,52373.9,24077.35,49582.08,112110.17,86996.18,45094.38,118098.85,7063.27,56038.41,23235.28,14204.72,310975.49,130538.75,180436.74,563026.32,76647.17,193407.7,292971.45,202532.73,98019.27,25117.75,28847.42,50548.3,224493,77858.26,146634.74,74809.52,28811.44,19940.97,26057.11,187158.73,123890.19,50470.88,12797.66,20472.72,198751.73,28811.44,30029.99,76419.2,11906.87,35491.71,88454.19,71951.06,16503.13,121197.71,141199.9,260959.27,165196.68,63999.96,31762.62,31671.73,97181.01
q1-1992,1992,6492,776803.46,79938.42,48869.27,104411.74,51764.99,23779.62,49281.25,111205.78,85792.16,44583.82,114860.69,7060.39,55255.35,23240.11,14326.19,334744.35,140365.75,194378.6,557769.72,76529.84,191234.33,290005.56,202088.78,97863.72,24837.29,29170.53,50217.24,225224.36,77954.07,147270.3,74728.26,28585.79,19818.83,26323.64,185970.35,122740.58,50169.24,13060.52,20154.77,199413.01,28585.79,30114.43,76702.9,11897.29,35632.43,88407.53,72296.67,16110.87,121633.9,142902.55,261352.38,165483.47,64059.16,31809.75,31716.58,96735.24
q2-1992,1992,6482.47,769732.79,79995.45,48200.73,103807.85,51282.6,23543.3,49272.66,110720.29,84711.39,43986.75,112296.57,7097.88,54817.32,23387.38,14524.88,353779.92,148271.5,205508.42,555465.78,75784.21,190196.82,289484.75,201971.09,97113.25,24880.99,29910.23,50066.61,227086.26,78601,148485.26,74381.72,28314.67,19760.18,26306.87,184778.96,121524.35,49930.07,13324.53,19971.81,198188.47,28314.67,29926.71,76259.49,11686.57,35512.04,93009.19,72744.9,20264.29,121853.34,143307.55,264487.06,167493.21,64831.62,32162.22,31789.58,97490.11
q3-1992,1992,6455.02,757729.2,78650.25,45939.71,100543.61,51007.41,23434.54,48387.1,110019.69,83132.04,43830.28,112306.41,7303.67,53174.49,23201.37,13826.59,353968.88,148176.29,205792.59,552599.89,75821.88,193711.47,283066.54,197862.84,96986.55,23113.61,30033.3,47729.37,228654.81,79304.46,149350.35,72297.88,27302.41,18877.61,26117.85,182995.82,119809.56,49680.09,13506.17,18434.7,193892.37,27302.41,29324.29,74690.27,11003.91,34947.53,94128.24,72363.85,21764.39,121031.39,142629.76,259016.12,164015.1,63498.92,31502.1,30267.66,95063.91
q4-1992,1992,6221.5,734889.01,77555.45,44571.9,97547.4,49766.77,22851.68,46288.02,107535.04,80914.66,42810.38,106223.71,7089.84,51734.17,22772.74,13890.6,314721.51,131852.09,182869.42,553704.44,75573.37,191585.07,286546.01,196690.34,96981.05,22544.01,30252.47,46912.81,217095.53,75208.42,141887.11,70971.18,26645.5,18583.58,25742.1,181244.89,118826.88,48782.63,13635.37,17421.34,188933.6,26645.5,28568.92,72736.03,10580.92,34175.27,89743.2,71425.49,18317.71,119566.88,141859.5,259708.95,164451.38,63672.48,31585.1,29747.99,91934.77
q1-1993,1993,6040.73,728962.21,75832.2,43527.84,96054.96,49867.42,22860.14,45338.62,106077.74,80822.07,43306.88,106952.29,7354.74,50967.31,22622.13,13710.8,311120.57,130334.62,180785.94,541431.86,74248.73,189220.87,277962.27,198307.19,95142.12,20585.89,30620.28,51958.9,214699.09,74356.12,140342.97,72755.86,26479.52,20489.78,25786.56,181655.46,119225.98,48447.17,13982.32,16984.62,187136.72,26479.52,28321.97,72049.49,10456.74,33898.12,88489.7,71632.98,16856.73,119047.32,142741.42,260619.3,165029.17,63884.22,31705.92,29740.7,90153.56
q2-1993,1993,6141.45,731913.1,77250.76,42453.11,96261.88,49983.22,22911.14,45725.99,107334.68,81090.8,43698.63,106421.81,7520.07,51261.02,22756.63,13822.82,329365.83,137997.23,191368.6,546148.39,75078.55,193484.41,277585.43,195615.96,92416.5,20529.55,31318.16,51351.75,222452.65,76772.71,145679.94,74044.54,26628.23,20273.7,27142.62,183078.34,120490.9,48122.36,14465.08,18440.15,196560.6,26628.23,29751.98,75942.7,10618.76,35629.85,94698.59,74123.43,20575.16,119019.74,145375.57,264473.47,167461.17,64828.35,32183.95,30421.08,91303.31
q3-1993,1993,6029.65,724925.09,76409.43,42040.66,96304.18,49536.69,22661.67,44912.74,107454.59,79204.8,42846.03,104981.95,7648.03,50924.33,22660.06,14099.18,333473.26,139669.49,193803.78,544084.59,74740.58,191353.36,277990.65,192254.9,91825.62,20327.24,32064.57,48037.46,218517.6,75067.58,143450.03,72753.52,26280.42,19003.71,27469.39,183111.22,120995.8,47290.87,14824.55,18684.44,197620.56,26280.42,29924.24,76440.7,10396.61,35853.81,96679.94,74279.52,22400.43,119750.86,145034.64,266302.78,168606.21,65284.99,32411.58,30214.8,91266.16
q4-1993,1993,5871.28,709015.36,75506.35,41373.83,94617.98,48564.46,22193.5,44395.03,105953.04,77504.66,41814.47,99782.23,7464.59,49845.22,22566.96,13955.71,309272.44,129632.97,179639.48,528181.53,74281.44,180485.17,273414.92,193550.1,93039.5,20114.52,32577.61,47818.47,215161.54,73767.73,141393.81,73223.9,26474.9,18915.44,27833.56,182441.25,120849.69,46462.06,15129.5,17912.1,197156.29,26474.9,29854.08,76272.47,10244.12,35904.04,94858.68,74871,19987.68,119339.61,148074.48,266394.37,168687.27,65284.53,32422.57,31441.55,90861.77
q1-1994,1994,5825.69,692578.04,73521.2,40316.96,92672.33,47785.43,21822.22,43792.85,104165.27,75182.15,40724.67,96602.42,7430.22,48562.31,22548.59,13952.58,313111.64,131253.71,181857.93,525641.5,73273.01,178291.5,274076.99,191278.85,91458.91,19667.77,32933.99,47218.18,217055.88,74606.15,142449.72,72419.27,25971.53,18657.77,27789.98,181773.62,119963.37,46346.39,15463.86,18113.54,195081.12,25971.53,29565.69,75603.1,9829.11,35636.82,95007.6,75121.49,19886.11,118961.53,149510.69,267438.78,169301.88,65584.59,32552.32,30621.86,88892.42
q2-1994,1994,5828.26,690542.78,73957.62,39816.79,92184.52,47244.08,21534.28,44070.66,103493.8,75014.53,40975.75,96104.6,7607.26,48538.9,22518.1,13930.82,328155.81,137460.59,190695.22,522327.9,73583.78,180192.67,268551.46,187546.01,87575.69,19785.82,33373.65,46810.84,219097.75,75380.61,143717.14,72404.59,25936.98,18493.73,27973.88,181633.87,119519.77,46234.55,15879.55,17753.26,195711.07,25936.98,29624.22,75779.64,10057.32,35727.54,101592.72,75453.16,26139.56,119275.15,144670.32,268395.91,169905.69,65814.24,32675.98,30617.69,89917.67
q3-1994,1994,5878.7,695950.77,74683.15,39375.51,93638.2,47011.66,21417.13,44347.24,105463.08,75596.43,41477.83,95974.76,7819.74,49146.04,22563.22,14134.12,337110.26,141180.74,195929.52,530392.14,73558.7,181161.94,275671.5,189645.08,87662.55,19938.08,34615.53,47428.92,217909.02,75182.73,142726.29,73358.3,26150.72,18733.34,28474.25,182774.71,120078.48,46315.75,16380.49,17715.01,197795.95,26150.72,29968.32,76683.93,9910.28,36203.71,106383.54,76665.32,29718.22,119412.97,149200.15,275069.78,174144.09,67433.06,33492.63,30592.56,90073.16
q4-1994,1994,5711.36,690235.8,73509.41,39044.41,93179.27,46113.35,20978.24,43510.72,105495.97,74723.35,41264.69,95579.7,8023.53,48813.16,22506.05,14300.56,314365.18,131734.79,182630.4,523059.4,73689.95,176765.61,272603.84,190350.07,87908.48,19527.64,35565.77,47348.19,214707.3,74096.18,140611.12,73404.69,25952.78,18696.99,28754.92,182863.19,119329.9,46672.36,16860.93,17519.27,198024.88,25952.78,30048.47,76854.65,9615.54,36307.1,103667.99,77073.44,26594.55,119302.2,149323.84,275780.02,174608.93,67601,33570.09,30320.75,90124.05
q1-1995,1995,5721.9,683698.63,72670.39,37905.3,92191.53,45734.3,20774.77,43477.76,105180.44,73815.78,40853.57,94792.41,8193.01,48109.37,22461.62,13860.55,315227.93,132102.91,183125.02,521385.88,73372.48,177363.44,270649.97,192800.33,89926.84,19455.45,36466.69,46951.35,219873.29,76990.92,142882.36,73797.35,26037.07,18581.48,29178.8,181040.07,118354.68,45515.18,17170.21,17898.45,198984.14,26037.07,30198.56,77293.88,9582.24,36492.46,103848.52,78185.61,25662.91,118429.73,148314.7,275798.44,174592.54,67621.58,33584.32,30954.24,90354.63
q2-1995,1995,5735.06,683985.92,72671.19,37567.86,92388.53,45194.41,20503.86,43816.74,106215.67,73752.31,41094.06,94373.53,8393.76,48014.01,22387.93,14251.83,324579.03,135928.88,188650.16,516189.53,72589.88,177458.54,266141.11,191751.61,87187.27,19747.44,37693.36,47123.55,219080.39,76767.37,142313.02,73961.06,26006.13,18650.16,29304.77,179924.95,117480.97,44942.65,17501.32,18154.65,199143.16,26006.13,30198.22,77274.19,9712.54,36490.36,110472.24,78750.94,31721.3,116682.16,147879.88,275529.93,174433.52,67550.24,33546.18,30942.54,88770.81
q3-1995,1995,5765.71,686311.15,72828.24,36080.67,93419.73,45886.88,20775.28,44466.19,107074.87,73310.33,41059.1,94372.54,8640.11,48397.2,22335.87,14119.25,330843.86,138599.21,192244.65,521064.57,73216.48,179933.88,267914.21,191317.79,85018.6,19474.58,38638.27,48186.35,219967.91,76237.26,143730.65,74890.13,26088.82,19074.79,29726.52,180441.66,116906.11,45441.63,18093.92,18752.74,200673.67,26088.82,30444.48,77854.62,9642.62,36845.13,112999.86,79754.49,33245.37,117533.72,148005.62,279825.56,177126.51,68624.49,34074.56,30592.66,88360.18
q4-1995,1995,5489.55,677376.24,72211.83,35315.34,92096.4,44266.79,20648.32,43376.79,105693.4,73248.76,40715.64,94359.5,8792.87,46650.59,22047.01,13866.25,305592.29,126871.45,178720.85,513964.75,73000.14,174894.36,266070.25,192363.18,86713,19374.15,39023.29,47252.73,213874.47,75214.16,138660.31,75697.5,26407.98,19353.94,29935.58,179958.86,116608.67,45580.91,17769.28,18578.67,198435.2,26407.98,30106.23,76363.18,9526.92,36774.97,106641.1,79414.19,27226.91,116767.42,148616.35,281215.65,177300.48,69180.89,34734.28,31230.76,87684.35
q1-1996,1996,5348.21,671545.13,70652,34410.39,90559.74,43483.96,20833.36,43127.29,105351.4,72637.95,39989.88,94665.1,8997.12,46836.94,22119.78,13895.18,299169.39,122730.64,176438.75,516152.08,72264.7,178491.23,265396.15,191736.07,86284.27,19463.35,40081.4,45907.05,212157.8,74787.83,137369.97,75723.65,26355.66,19361.2,30006.79,180601.43,116809.39,46233.8,17558.24,18619.29,197418.39,26355.66,29900.83,75204.77,9766.65,36795.76,104176.77,79823.51,24353.26,117282.07,150240.14,281687.24,176791.99,69563.58,35331.66,31506.84,86022.95
q2-1996,1996,5374.05,665512.65,70837.51,33877.84,90162.43,41635.01,20523.31,43192.84,105177.29,71273.14,38787.89,94361.17,9138.71,46545.53,21996.58,13581.55,307274.19,124685.09,182589.09,514290.83,72020.25,177496.51,264774.07,191410.14,84066.05,19929.45,40175.16,47239.48,215030.97,76635.29,138395.68,77901.13,26768.31,20578.47,30554.34,180275.63,116526.66,46445.94,17303.03,18193.11,198435.61,26768.31,30045.75,74986.17,9776.44,37197.89,108492.26,79454.59,29037.67,117812.09,149726.9,282082.02,176302.75,69893.56,35885.7,31181.82,85220.19
q3-1996,1996,5309.78,661508.81,70524.49,32922.37,88890.98,41215.82,20889.82,42927.98,103810.13,71844.11,38953.23,93474.01,9201.99,46853.87,22173.49,13483.35,306835.86,123118.4,183717.46,515550.85,72350.3,180138.09,263062.45,188283.22,82639.58,18449.92,40060.48,47133.24,213426.17,76086.02,137340.15,78927.24,26673.71,21208.25,31045.27,178660.19,113438.48,48176.62,17045.09,18502.04,197704.95,26673.71,29905.36,73989.54,9797.33,37425.07,110854.74,79925.94,30928.79,117279.35,150718.49,284736.18,177214.01,70770.27,36751.89,31702.22,85081.14
q4-1996,1996,4933.12,649011.12,69427.05,32568.73,87746.01,40073.23,20866.01,42522.08,101319.04,69910.37,37186.66,91713.36,9198.31,46480.27,21919.11,13366.9,285389.08,113314.98,172074.1,514361.34,71982.5,177890.12,264488.72,188037.48,84006.3,17700.08,39861.18,46469.93,202218.02,72526.18,129691.84,80078.34,26965.06,21581.69,31531.59,178660.21,113532.94,48308.54,16818.73,18384.35,196871.04,26965.06,29753.04,73024.71,9753.4,37671.84,107209.2,80107.66,27101.55,116851.49,151046.01,287477.63,178169.09,71674.93,37633.61,31451.87,85478.36
q1-1997,1997,4899.2,643751.71,68312.82,32097.54,86593.41,39011.7,20874.18,42209.58,101271.91,69158.14,36153.48,92474.14,9190.1,46404.71,21854.31,13285.39,282334.05,110719.5,171614.55,510764.42,71579.07,177262.86,261922.49,186842.81,83400.15,17482.04,39926.91,46033.71,201675.67,72562.81,129112.86,81216,27023.56,22124.19,32068.25,179220.34,113346.37,48662.94,17211.03,18700.93,196407.71,27023.56,29633.54,72100.58,10018.86,37755.08,107255.64,80613.15,26642.48,117151.45,151327.77,288589.06,178121.22,72164.39,38303.45,31243.19,85271.19
q2-1997,1997,4990.39,644390.27,68806.8,31545.6,86258.88,38004.69,20925.41,42755.75,102020.62,69598.92,35700.4,93004.26,9105.92,46663.03,21887.05,13257.3,291303.26,112887.15,178416.11,503972.05,71170.29,177559.97,255241.79,185644.55,81735.73,17625.25,40365.43,45918.15,202430.77,73301.5,129129.27,81987.32,26789.15,22806.99,32391.19,178858.7,112607.45,49105.38,17145.87,18822.92,197639.46,26789.15,29828.09,71904.89,10131.39,38223.52,115856.91,81378.71,34478.2,117645.19,151148.1,289488.54,177960.6,72632.52,38895.42,31058.44,84195.42
q3-1997,1997,4945.18,644791.41,69332.89,30601.47,86272.95,38249.11,21644.72,42809.59,101018.21,68805.3,34309.43,93012.37,11033.55,47701.83,21981.79,13032.16,287131.85,110173.33,176958.52,509288.35,71735.75,180442.96,257109.63,180676.6,80973.31,12734.1,41822.26,45146.94,207410.78,75175.81,132234.97,85100.67,27551.79,23384.6,34164.28,179690.48,111597.51,50671.15,17421.83,19028,199322.3,27551.79,30039.96,71893.64,10195.74,38859.67,120955.97,82270.83,38685.14,117575.3,153112.38,290568.17,177831.15,73139.6,39597.41,32328.42,85960.06
q4-1997,1997,4889.79,634281.38,66863.1,28756.1,84165.29,37777.03,21971.55,42680.42,98895.75,68890.7,34153.85,91702.97,10856.59,47568.02,21934.05,12736.2,272310.41,103186.9,169123.51,506013.93,71555.58,179228.1,255230.25,181808.72,82177.88,12375.27,42344.05,44911.52,204593.87,74732.07,129861.8,86221.4,26788.22,24001,35432.18,179793.96,112020.9,50562.05,17211,19313.82,198845.53,26788.22,29947.34,71018.6,10189.16,39037.86,116314.41,82009.09,34305.33,116841.1,154259.88,289217.03,176257.36,73028.28,39931.38,31833.19,85587.05
q1-1998,1998,4946.91,634150.86,66496.37,28704.64,82775.22,36501.8,21812.87,41988.38,100088.91,70092.04,34700.64,93073.57,10580.36,47336.08,22458.3,12745.32,271528.25,101662.5,169865.75,508405.96,72060.77,180118.46,256226.73,181035.22,81796.38,12451.38,42009.4,44778.06,204636.9,75095.72,129541.19,88525.27,27187.22,24728.64,36609.41,179716.38,110949.3,50781.67,17985.41,19808.68,199167.37,27187.22,29997.45,70418.88,10500.89,39160.51,115382.16,82300.61,33081.55,116581.91,153770.13,290724.14,176447.53,73612.41,40664.2,32639.72,84766.86
q2-1998,1998,4926.31,636808.2,68262.36,28556.98,82734.43,36195.73,22223.9,42748.08,100072.74,70188.29,33371.09,93700.64,10718.71,48035.25,22630.51,12916.84,283424.99,104705.09,178719.9,509208.17,71858.32,181895.21,255454.65,180753.78,82003.14,12905.59,41315.05,44530,210197.76,77569.31,132628.45,90648.19,27432.13,25369.5,37846.56,179455.95,111195.36,50493.41,17767.17,19839.29,200028.08,27432.13,30111.78,70111.37,10569.59,39625.32,124196.46,82579.02,41617.44,117092.48,152969.39,293289.21,177243.71,74494.8,41550.69,32947.28,84070.1
q3-1998,1998,4920.3,638687.06,68447.08,28494.76,83019.3,35941.66,22647.96,42783.03,101043.31,70343.84,33092.69,92731.23,11222.62,48919.59,22238.25,12795.39,285388.19,104130.05,181258.14,511172.64,71790.01,183989.44,255393.19,180479.92,81392.32,12913.15,41902.42,44272.03,211933.98,78166.87,133767.11,92964.01,27615.16,26024.69,39324.15,180075.99,110696.42,51534.98,17844.59,20131.61,199649.52,27615.16,30023.06,69292.5,10417.6,40079.73,129252.33,83739.62,45512.71,117832.76,154619.71,294390.86,177127.81,74989.18,42273.88,33278.57,84790.56
q4-1998,1998,4720.77,632786.83,67793.66,27489.99,81941.22,34822.8,22190.04,42468.53,100948.13,70384.1,32824.28,91847.57,11273.47,48803.05,22066.46,12636.75,265506.42,96957.23,168549.19,506748.47,70834.29,181503.38,254410.8,181308.43,82255.1,12683.52,41345.6,45024.21,211323.49,77892.24,133431.25,94792.34,27325.13,26372.72,41094.49,178522.4,108309.59,52255.37,17957.43,20490.66,202026.94,27325.13,31523.85,69426.57,10463.64,40478.14,123472.74,83741.51,39731.23,117652.5,154199.22,295344.8,177705.89,75822.06,41816.85,33032.29,83404.63
q1-1999,1999,4574.53,630142.58,67343.63,26148.99,79741.61,34913.7,22488.72,42578.37,100403.61,71396.77,31801.34,92063.43,11701.23,49561.18,22011.43,12700.11,264965.62,96942.93,168022.69,507323.8,71254.45,181644.07,254425.28,182013.98,81694.14,13065.22,41712.7,45541.93,210892.28,77732.08,133160.2,96511.63,27416.35,26804.02,42291.25,179347.73,109070.27,51923.63,18353.82,21372.76,205181.31,27416.35,33126.55,69899.76,10655.13,41007.31,122991.13,84711.57,38279.56,117692.02,154719.2,295687.35,177765.44,76583.55,41338.36,33537.5,81947.1
q2-1999,1999,4592.51,629786.92,67605.1,25681.62,79942.95,34972.87,22791.09,43116.75,100430.25,71786.76,31720.91,90515.6,11775.52,49447.5,23530.86,12889.05,277165.39,101531.61,175633.78,504311.11,70401.37,180842.55,253067.18,182394.89,80948.38,12502.15,42653.03,46291.33,213925,78564.91,135360.1,100431.99,27558.77,27191.38,45681.84,179229.07,109337.53,51213.9,18677.64,21199.81,207716.53,27558.77,34697.39,69960.66,11037.36,41435.49,134578.23,85841.57,48736.67,118922.22,154896.45,299827.8,180190.65,78241.17,41395.99,33975.99,82006.75
q3-1999,1999,4440.09,633813.85,68428.62,25330.35,80546.22,34683.76,22846.91,43221.11,100446.43,73476.3,32073.97,90851.81,11875.44,50032.94,23858.47,12945.56,278264.41,101971.77,176292.64,503630.77,70671.19,180059.85,252899.73,184796.48,81233.8,12851.92,43653.62,47057.15,214519.77,78746.01,135773.76,103438.9,27709.02,27592.23,48137.64,179416.41,108189.5,51772.87,19454.04,21740.5,212352.05,27709.02,36725.03,70889.33,11054.59,42345.18,142041.51,87382.45,54659.06,120066.54,155283.06,302404.42,181668.42,79523.03,41212.97,34487.56,82557.38
q4-1999,1999,4254.05,631314.41,68844.49,25246.89,80359.16,34090.42,22685.88,43284.54,98753.94,73811.89,32067.73,90142.58,12065.01,49961.89,22649.25,12896.86,267031.59,97979.89,169051.7,504758.34,71941.35,178768.78,254048.22,188004.97,83028.96,12540.81,44220.44,48214.76,213845.05,78596.29,135248.75,105657.46,27793.1,28138.57,49725.79,178740.72,108281.57,50841.99,19617.16,21143.82,214333.54,27793.1,38289.01,70760.06,11186.28,42731.53,137450.76,88141.65,49309.11,121170.4,156488.86,304742.53,183042.08,80744.74,40955.71,34635.55,82260.15
q1-2000,2000,4259.18,631287.5,68397.19,24533.71,79914.47,34008,22859.87,43202.51,98616.18,74917.31,31543.76,90666.15,12294.65,50333.69,22375.18,12980.13,269585.48,99127.31,170458.17,502153.13,72136.37,177039.1,252977.67,190097.6,83288.76,12766.32,45757.33,48285.19,211183.63,77679.53,133504.09,108732.35,27820.84,28175.33,52736.17,179281.93,109052.86,50009.5,20219.57,20694.7,219079.31,27820.84,40336.25,71509.98,11638.91,43601.91,137471.35,88913.06,48558.28,121987.04,156142.76,308184.14,184942.21,82359.6,40882.33,34907.36,82312.45
q2-2000,2000,4330.15,636324.36,70291.69,24128.72,79899.73,33866.73,22996.5,43699.2,99140.36,76737.07,32519.56,90059.2,12356.02,50629.6,22240.9,13041.5,275946.74,101426.73,174520.01,501793.26,72334.22,177947.05,251511.99,188965.87,81897.31,12792.45,45947.69,48328.42,219561.76,80459.13,139102.63,110488.41,28068.64,28240.24,54179.53,180565.25,109915.89,49746.47,20902.89,20764.33,221783.24,28068.64,42037.38,71600.88,11965.6,44095,151438.63,90063.49,61375.15,123893.05,155473.1,312133.74,187257.02,84044.63,40832.09,35575.09,82492.66
q3-2000,2000,4383.42,644792.58,70221.68,24317.14,81007.86,34250.59,23487.68,43993.91,100054.64,79371.33,33462.93,91615.85,12080.29,50928.66,22225.34,13003.37,281705.88,103599.77,178106.1,503378.67,72169.55,178433.16,252775.96,190873.58,83717.58,12894.99,45876.69,48384.33,213014.02,77717.08,135296.94,113010.52,28267.14,27607.26,57136.11,183509.63,112429.09,49170.56,21909.99,21165.85,223604.77,28267.14,43597.82,71341.6,12194.59,44472.82,156474.09,90873.19,65600.91,125005.23,156186.83,315457.22,189154.25,85598.23,40704.73,35526.81,82753.81
q4-2000,2000,4298.39,643750.28,70401.19,23686.44,80749.18,34645.03,24012.62,43163.87,100910.09,78653.25,34219.16,90795.4,11833.83,50680.22,22156.27,12955.44,269292.32,99154.82,170137.5,504309.94,72265.26,177428.83,254615.85,193264.11,86793.36,12607.15,45764.4,48099.2,210376.22,76947.19,133429.03,113675.27,28439.15,28110.97,57125.14,186730.42,114544.87,48950.14,23235.41,21351.82,226807.97,28439.15,45567.8,71831.35,12250.82,44843.68,145269.92,90970.14,54299.78,126801.48,157151.69,315631.23,189237.58,86287.31,40106.34,35845.28,81891.54
q1-2001,2001,4246.92,644582.04,67955.27,23544.57,80505.42,35635.43,24929.6,43200.71,101743.17,80013.18,34896.08,91177.48,11130.04,49851.1,21916.59,13046.31,271755.75,99967.04,171788.71,506220.61,72539.83,180070.63,253610.15,193013.35,87906.85,11798.28,45855.28,47452.94,216158.73,78399.02,137759.71,116446.1,28498.89,27487.52,60459.69,187063.25,113916.85,47924.62,25221.78,21999.98,231046.47,28498.89,47646.06,72269.07,12484.71,45821.18,140227.32,91736.54,48490.79,130560.13,158781.64,318350.17,190657.44,87742.45,39950.27,37189.19,81115.92
q2-2001,2001,4396.48,647922.13,68624.9,22900.49,80639.89,35900.64,25374.06,42857.03,101905.14,81272.81,36124.46,90454.92,11338.15,50529.63,21283.68,13359.1,284110.58,104527.87,179582.71,506466.3,71811.95,181004.71,253649.64,192546.3,86780.64,13797.52,45180.73,46787.41,213825.72,77553.36,136272.36,116104.63,28311.89,26531.29,61261.45,192649.47,115819.28,48291.14,28539.05,22365.42,237921.18,28311.89,50456.77,73757.57,12539.43,47160.79,150532.51,94312.15,56220.35,124243.52,160865.75,312513.94,187139.01,86748.91,38626.02,36174.39,81428.65
q3-2001,2001,4445.58,653129.39,69471.68,22800.81,81260.35,36433.82,26000.66,42715.49,102692.99,82754.62,36516.96,90858.97,11120.91,50502.12,21633.75,13313.12,287466.26,105733.53,181732.73,508232,72906.29,180493.07,254832.64,194501.2,87820.22,14073.43,45475.23,47132.31,214827.65,77690.03,137137.63,115917.93,28431.83,26184.02,61302.08,197459.64,117361.51,48831.77,31266.36,22566.47,238938.89,28431.83,52034.99,73311.45,12642.67,47239.19,152170.67,94982.46,57188.21,125800.89,162736.38,313890.22,187880,87767.94,38242.28,36329.78,81776.04
q4-2001,2001,4362.83,647778.61,68788,22760.58,80272.44,36175.31,26199.27,41996.76,101135.6,81918.77,36510.26,90273.4,11633.86,50114.35,21567.25,13231.12,270804.88,99389.36,171415.53,505206.04,73265.86,177470.69,254469.49,194302.98,90179.4,12079.74,45208.39,46835.46,213814.06,76882.09,136931.97,114711.39,28361.37,26639.81,59710.21,197446.28,117220.74,49015.28,31210.26,22675.33,240007.38,28361.37,52544.2,73813.48,12838.1,46878.66,141523.16,94546.14,46977.02,125834.52,164530.13,316028,188848.37,88516.33,38663.3,36812.32,81739.95
q1-2002,2002,4259.08,637725.93,70304.1,22475.48,79615.96,35744.66,26241.91,41357.38,98403.93,80815.19,35088.58,88548.33,10389.51,48740.91,21928.02,13350.84,271894.46,99547.51,172346.95,504654.05,72668.02,179735.21,252250.82,188876.18,87106.24,12303.17,43855.67,45611.1,214760.97,76827.57,137933.4,113994.76,28160.06,26299,59535.7,198911.73,118264.76,48043.28,32603.7,22822.11,243510.33,28160.06,53528.12,74912.31,13545.25,46862.65,137377.53,94665.39,42712.15,128167.01,166575.56,316019.02,188532.73,88668.55,38817.74,35958.57,81318.25
q2-2002,2002,4340.68,635680.79,70277.74,21478.16,78560.23,36045.32,26887.82,40706,98364.4,81047.17,34476.28,87944.41,10973.16,48920.08,21172.46,13302.35,282283.76,102982.17,179301.59,499292.06,72334.6,178239.94,248717.52,188999.93,87323.56,12933.23,43946.25,44796.88,213635.9,76050.55,137585.36,113660.26,27861.43,26165.83,59632.99,199289.52,119773.89,47753.57,31762.05,23004.69,243218.33,27861.43,53572.3,74706.87,14203.4,46349.92,146997.87,95843.02,51154.85,128108.44,166864.36,317690.29,189249.82,89300.26,39140.22,36232.3,83760.13
q3-2002,2002,4316.69,635899.58,71224.84,21023.91,78021.36,36238.55,27420.51,41194.26,97974.59,80703.24,34444.6,88155.91,10967.41,48530.4,21551.15,13398.78,286788.35,104312.68,182475.67,505815.84,74182.19,181123,250510.65,190764.33,88142.07,13229.93,45095.4,44296.93,212220.79,75286.45,136934.35,114422.11,27486.49,25737.58,61198.04,200683.72,121061.98,47763.61,31858.13,23318.79,245145.81,27486.49,54379.4,75652.7,14275.77,46004.37,149761.22,96308.76,53452.46,131003.97,167767.65,321188.84,191019.13,90463.29,39706.42,35576.21,84776.47
q4-2002,2002,4242.72,626318.79,68860.41,20288.45,76551.67,35740.92,27412.07,40135.95,96570.9,79890.03,33810.48,88041.56,11100.66,47915.68,21610.79,13159.73,275272.85,99895.59,175377.26,505815.8,74571.19,178241.36,253003.25,190194,89022.81,13316.37,44558.37,43296.45,207235.45,73297.49,133937.95,112628.91,27200.5,24785.26,60643.15,198324.78,118154.28,47536.15,32634.35,22668.33,237965.08,27200.5,52845.36,73384.84,14444.02,44321.02,139558.39,94996.85,44561.54,130921.26,168511.11,321998,191169.02,90859.2,39969.78,35755.88,82600.93
q1-2003,2003,4197.68,616561.76,68258.85,20064.44,75331.39,35349.83,27476.49,39829.45,95372.93,77469.55,33155.98,86512.28,10774.79,46965.78,22666.68,13216.13,272577.83,98703.05,173874.78,499933.64,72915.59,177740.72,249277.33,188497.03,88864.19,12998.63,44576.21,42058.01,208097.08,73300.21,134796.87,111364.29,27349.57,24354.01,59660.71,194422.47,117047.31,46159.56,31215.59,22602.75,240287.1,27349.57,53607.96,74174.78,14951.84,44144.75,137050.04,96188.08,40861.96,131188.61,171467.82,322203.28,190976.85,91059.59,40166.84,36313.59,81498.77
q2-2003,2003,4234.49,618000.45,69001.15,19996.25,75119.97,35119.34,27684.83,40480.92,95410.24,77967.16,33154.78,86474.42,10767.04,46824.34,22372.32,13219.27,283715.98,102325.41,181390.58,500783.21,73087.06,177398.01,250298.14,185060.62,86564.55,13092.97,44050.95,41352.14,203877.76,71849.17,132028.59,110197.81,27154.49,24219.02,58824.3,192499.83,115126.08,46739.34,30634.4,22755.64,238756.73,27154.49,53642.88,74095.27,14398.75,43454.45,145811.84,96254.57,49557.27,131715.31,171231.94,324210.52,191821.09,91807.96,40581.47,35750.09,81666.08
q3-2003,2003,4277.71,614328.34,69507.6,19490.82,75132.26,34643.43,27688,40715.59,95951.31,77205.94,33075.73,83695.06,10943.57,46279.03,22000.2,13110.69,285866.97,102782.3,183084.67,501600.96,73562.4,175070.32,252968.23,186106.13,86604.22,13138.64,43885.61,42477.65,202155.88,71058.78,131097.1,108128.08,27215.48,24743.14,56169.45,193081.66,115102.1,47283.85,30695.71,23023.92,238145.97,27215.48,53702.72,73951.99,14455.69,43059.81,149908.38,97380.6,52527.79,133454.98,173112.2,329745.33,194712.9,93556.77,41475.65,36211.48,82750.17
q4-2003,2003,4235.17,610014.3,69271.6,19335.78,74414.52,34699.18,28120.08,39841.56,94430.42,76841.83,33800.98,82314.95,10942.11,46001.28,22004.08,13094.02,278080.79,99763.12,178317.67,501885.69,73912.59,175042.44,252930.66,186154.86,89379.7,10852.19,43849.9,42073.07,201072.55,70334.84,130737.7,107427.75,27267.76,24412.41,55747.58,190734.95,112983.35,45791.76,31959.84,23626.64,241080.37,27267.76,54703.69,75126.64,14540.25,43046.55,142939.1,98266.76,44672.34,134358.63,173370.29,330391.04,194792.23,93906.08,41692.72,36717.36,82123.97
q1-2004,2004,4190.73,604457.89,68227.76,19139.07,73657.93,34083.49,27990.19,40110.36,93425.5,76416.68,33035.49,81623.98,10871.49,45875.96,22272.87,13144.97,273879.4,98106.57,175772.82,503196.6,74308.1,177443.79,251444.71,187629.45,89104.51,12062.08,44721.47,41741.39,203001.48,71024.44,131977.04,107705.16,27158.44,24742.33,55804.39,190735.46,112379.12,46246.04,32110.29,23537.35,241002.61,27158.44,54996.23,75389.26,14582.03,42434.81,141264.87,99340.51,41924.36,134760.26,170706.71,328547.88,193393.91,93524.24,41629.73,37145.18,83364.31
q2-2004,2004,4367.29,606028.7,68424.26,18733.45,73245.61,34187.62,28466,40575.02,93257.16,77654.72,33187.18,81393.96,11048.55,45855.17,22655.78,13142.15,277733.24,99305.39,178427.85,500676.02,73793.39,177982.85,248899.78,184500.54,86444.54,11695.88,45440.53,40919.59,202821.11,70863.18,131957.93,107381.63,26955.56,24261.77,56164.3,189990.16,112072.57,46164.96,31752.62,23431.37,241552.43,26955.56,55362.57,75609.25,14602.07,42225.55,152549.55,100466.21,52083.34,134381.22,173668.03,332442.69,195326.12,94829.71,42286.86,37513.94,83518.72
q3-2004,2004,4424.48,613883.31,69534.62,18597.55,73473.99,34102.68,28792.97,40423.15,94419.65,80967.75,33092.02,83563.58,11211.22,45704.14,22950.24,13077.88,285965.76,101981.18,183984.58,496655.1,74901.03,175427.85,246326.22,185118.72,86922.4,11055.74,46308.64,40831.94,200861.86,69649.1,131212.76,108836.55,26951.5,24109.88,57775.17,191825.44,113045.24,46444.83,32335.38,23990.26,241130.18,26951.5,55473.3,75498.86,14820.62,41788.96,157685.42,101306.08,56379.34,134867.21,171742.32,336183.57,197198.6,96088.88,42896.09,38034.34,84208.68
q4-2004,2004,4346.91,605681.83,69086.65,18138.84,73224.58,33911.32,29026.86,39679.8,92781.1,78812.41,32703.9,81897.9,11274.57,45143.9,22709.07,13022.69,276650.84,98355.92,178294.92,496022.75,74633.37,174470.61,246918.77,187186.84,89723.35,9868.43,46344.32,41250.73,197938.29,68704.78,129233.51,107962.25,27029.9,24344.34,56588.01,191488.51,113326.78,45612.79,32548.94,23697.65,240221.13,27029.9,55606.17,75494.92,14675.31,41086.29,150203.53,101378.72,48824.81,136070.92,171980,335159.42,196268.1,95967.93,42923.4,38153.03,83709.78
q1-2005,2005,4326.57,606290.8,69527.13,17827.86,72785.93,33793.28,29303.87,40153.5,91970.51,80254.7,32808.41,81743.89,11028.1,45093.62,22269.09,12856.31,270554.65,96008,174546.65,492640.91,74802.3,175687.29,242151.32,185860.4,90905.2,9812.99,45679.17,39463.04,200317.29,68922.42,131394.86,107736.57,27120.9,23520.42,57095.25,189419.16,112330.71,44592.07,32496.38,23955.67,239360.62,27120.9,55566.26,75231.71,14701.29,40719.07,148396.47,101719.07,46677.4,137104.27,173010.77,338200.03,197582.32,97075.05,43542.66,39558.29,84169.12
q2-2005,2005,4425.17,607079.95,69067.7,18169.8,72512.89,33239.51,29199.58,40509.97,92808.06,80030.76,33032.99,82491.67,11233.7,44783.31,21675.6,12792.42,284082.22,100441.19,183641.03,494421.78,74860.67,177843.39,241717.72,182658.67,87989.06,10069.6,46183.69,38416.31,197357.72,67905.51,129452.21,108267.65,26724.96,23067.6,58475.09,186560.27,109061.33,43834.32,33664.62,23913.01,243470.56,26724.96,56957.59,76893.61,14691.78,40789.85,162644.97,102906.71,59738.26,136925.79,172505.98,338366.36,197338.77,97321.06,43706.53,39033.57,84857.11
q3-2005,2005,4433.4,616464.44,69621.11,17780.32,72794.09,34259.27,30470.96,40853.27,95100.64,82593.69,33764.45,82577.54,11252.52,45396.58,21956.11,12836.72,291724.97,102543.17,189181.8,495565.07,76098.07,178968.38,240498.62,184220.57,88925.77,9889.35,45728.86,39676.58,197515.72,67932.83,129582.9,109680.62,26776.2,23645.12,59259.3,189321.73,109561.27,45307.19,34453.27,23588.88,245727.96,26776.2,57696.96,77632.23,15158.21,40709.55,171069.29,103996.24,67073.06,136694.73,170788.31,344110.66,200333.06,99154.05,44623.55,39800.71,86269.82
q4-2005,2005,4389.83,613991.21,69914.9,17466.9,72255.13,33885.28,30434.19,40419.75,93673.8,83584.87,33958.98,81991.44,11198.22,45207.74,21950.78,12907.61,281366.29,99034.59,182331.7,494878.75,76271.84,176681.5,241925.41,187010.14,93196.73,9133.99,45188.26,39491.17,194888.77,67440.14,127448.63,108747.72,26731.43,23256.93,58759.36,189045.31,109719.08,44540.01,34786.23,23888.16,243478.27,26731.43,57503.07,76736.53,15182.86,40213.31,165086.29,104685.2,60401.09,138116.02,170674.12,344709.5,200157.89,99334.33,45217.28,39232.15,86468.13
q1-2006,2006,4630.88,612136.91,67383.17,17217.18,71052.71,33638.74,30479.15,40994.78,95099.74,83260.24,31706.42,84702.63,11485.4,45116.76,21457.04,12874.95,277751.71,97573.6,180178.1,492504.18,76590.48,177970.04,237943.66,186917.56,93549.13,9240.11,45155.32,38973.01,200858.76,69227.95,131630.81,110665.63,27220.82,22959.41,60485.4,187591.93,109295.86,43129.91,35166.16,24424.14,249774.81,27220.82,59445.05,78687.69,15883.71,40740.65,165455.64,106038.73,59416.91,139422.91,174035.49,345631.48,200124.88,99623.84,45882.76,41734.83,86277.56
q2-2006,2006,4438.48,620262.04,69121.8,16761.28,71344.04,34473.03,31441.99,41203.09,96354.75,86039.19,32220.48,84766.18,11613.03,44923.17,21783.55,12872.47,290240.78,101546.8,188693.98,491519.72,76024.81,179841.07,235653.84,184082.02,90176.8,9567.27,45115.75,39222.2,198898,68514.14,130383.85,111019.51,26856.42,22897.2,61265.89,190345.92,111347.9,43338.38,35659.63,25014.51,249626.21,26856.42,59679.63,78357.15,16416.57,40462.46,183259.17,107068.37,76190.8,137747.32,171935.91,347313.01,200582.83,100142.35,46587.82,40674.65,86964.22
q3-2006,2006,4590.19,632438.13,70219.04,16889.69,72120.84,34415.39,31740.91,42249.82,98552.28,89049.68,32880.41,85958.18,12015.61,46346.29,22428.45,13138.47,296227.66,103508.26,192719.4,493226.56,76027.89,180734.44,236464.22,186110.61,90815.3,9885.05,45731.91,39678.35,197223.63,67831.14,129392.49,111623.91,27003.87,23055.09,61564.95,194511.4,114220.38,43725.09,36565.92,25300.63,256994.49,27003.87,61979.86,80791.57,17010.48,41084.82,191451.98,109180.76,82271.22,140126.33,174020.54,351658.38,202552.04,101420.46,47685.88,41672.46,88171.69
q4-2006,2006,4587.35,636031.04,70585.79,17196.08,71268.76,34240.73,31798.88,41813.48,98523.56,90373.59,33561.79,87240.78,12626.71,46800.9,22138.38,13045.25,287762.73,100435.17,187327.57,500385.62,75981.64,182213.85,242190.13,190272.7,93945.75,9940.27,46563.17,39823.51,195356.04,67303.72,128052.32,112129.69,26643.61,22974.29,62511.78,197315.28,115908.34,43790.59,37616.34,25639.44,255960.14,26643.61,62140.41,80372.48,16958.49,40770.58,179004.41,109962.29,69042.12,142458.46,174859.03,353809.33,203266.98,102042.12,48500.23,41155.45,88661.11
q1-2007,2007,4649.73,638646.77,70643.26,17093.96,71829.1,33902.4,31866.35,42569.3,99263.14,91234.19,33539.46,86683.09,12799.37,47223.15,22481.75,13214.71,288361.24,100404.14,187957.1,499705.27,75370.6,182626.62,241708.05,190284.27,94836.39,10013.09,46643.68,38791.12,195902.09,67387.12,128514.96,112621.83,27326.29,22781.65,62513.9,201766.3,118966.45,44410.23,38389.62,25602.97,259212.02,27326.29,63416.64,81321.49,17355.89,40876.38,174653.37,111609.12,63044.25,145067.79,175033.68,355039.71,203295.91,102502.95,49240.85,42320.49,89691.57
q2-2007,2007,4811.75,644278.76,71090.67,17129.42,71556.49,34204.75,32432.82,42062.52,100662.07,93178.32,33875.88,87528.85,13082.96,47474.02,22849.2,13454.77,298186.82,103494.57,194692.25,503065.41,75254.47,187036.12,240774.81,188511.39,92592.45,10508.14,46626.68,38784.12,202244.16,69794.62,132449.54,114117.46,27244,22477,64396.47,201866.1,118767.85,42993.05,40105.2,25980.53,261998.69,27244,64455.31,82024.81,17935.25,41013.44,189863.6,113277.96,76585.64,145806.58,174925.46,358901.97,204948.29,103636,50317.68,42582.29,89492.65
q3-2007,2007,4795.74,651816.74,71077.34,17208.86,72448.87,34280.65,32784.17,42415.36,101848.49,95109.78,35414.53,87813.46,13366.79,48048.45,22909.16,13608.45,305616.24,105782.07,199834.17,511254.02,76132.91,189122.94,245998.16,190201.55,93482.67,10594.33,47367.35,38757.2,203882.63,70502.25,133380.38,115163.61,27317.19,22587.7,65258.72,205297.53,119889.13,43211.02,42197.37,26086.84,267058.41,27317.19,66516.01,84037.22,17073.06,41677.44,198445.73,115870.47,82575.26,143554.62,176611.39,362247.05,206300.87,104627.54,51318.64,42914.06,89742.38
q4-2007,2007,4739.83,652685.34,71186.65,17032.45,71979.64,33956.67,32736.14,42189.59,101787.33,96518.91,36541.9,87153.38,13399.11,48203.58,22717.08,13759.33,301016.68,104008.55,197008.13,515980.25,75512.7,190627.46,249840.09,193297.39,96339.84,10700.98,47915.09,38341.48,204291.91,70920.01,133371.89,115469.54,27117.38,22223.83,66128.33,206223.13,119709.04,43286.02,43228.07,26903.47,268211.8,27117.38,67347.56,84414.12,16731.84,41767.51,190395.43,117642.87,72752.56,139673.14,180056.81,365697.59,207712.72,105634.27,52350.6,42765.56,89922.75
q1-2008,2008,4719.14,657755.87,71713.88,17274.64,71181.68,34154.53,33220.32,41982.92,103113.42,98557.79,37586.45,86763,13571.01,48636.22,22608.69,13755.49,299006.11,103109.12,195896.99,513014.87,75576.16,190130.12,247308.59,195892.6,98277.85,10916.69,48495.96,38202.1,205225.2,71208.3,134016.9,116603.21,27328.86,22183.68,67090.67,208640.59,120749.73,43180.56,44710.3,27092.6,270873.88,27328.86,68534.24,85257.04,16957.26,41822.88,190150.1,119861.67,70288.43,141943.49,181087.09,371015.7,210007.14,107281.17,53727.39,43516.99,90050.81
q2-2008,2008,4826.92,665309.4,72457.42,17314.12,71500.16,34730.81,34103.34,42088.42,103478.44,100440.25,39102.59,87595.38,13615.1,48883.39,22529.34,13763.97,303235.94,104333.83,198902.11,512146.89,75996.68,190390.99,245759.23,193877.43,95211.42,11541.62,49031.57,38092.81,207863.1,72372.77,135490.32,117495.71,27398.34,22082.62,68014.76,209273.82,121669.56,43254.78,44349.47,27955.45,276226.39,27398.34,70409.9,86917.27,17294.21,42296.09,209336.99,122158.21,87178.78,141191.48,180622.63,376704.67,212661.4,108945.86,55097.4,43656.48,90594.65
q3-2008,2008,4738.2,673804.39,72592.23,17441.89,72552.88,34633.3,34283.85,42459.62,104706.94,102305.24,41212.83,88444.52,13868.31,49302.77,22609.51,13847.47,308247.42,105550.83,202696.59,520309.27,77894.28,191525.5,250889.49,195425.82,95927.39,11990.54,49236.6,38271.29,207695.3,71894.26,135801.04,117906.88,27729.25,22031.35,68146.28,211605.68,123330.01,43595.75,44679.92,29192.65,278650.88,27729.25,71184.49,87283.66,18041.04,42697.98,215044.64,125525.98,89518.66,140293.9,180157.88,382503.16,215428.18,110551.49,56523.48,44138.87,91349.35
q4-2008,2008,4790.54,664227.18,72590.01,16682.85,71132.03,34120.34,34253.55,41542.37,102367.17,101942.6,39869.8,86950.19,13879.65,48896.62,22681.2,13719.75,297136.26,101866.95,195269.31,519628.69,76473.61,189978.15,253176.93,196585.32,97636.81,11722.96,49240.36,37985.19,206442.45,71879.94,134562.5,116709.36,27485.87,21977.9,67245.59,211939.47,123744.93,43516.44,44678.1,29000.97,277101.35,27485.87,70917.43,86915.92,18371.34,41976.33,194867.5,124307.26,70560.23,138906.48,182117.8,384211.64,216389.5,110953.53,56868.61,43918.62,90782.96
q1-2009,2009,4628.15,656343.5,72425.74,16805.48,69743.41,33627.65,34175.7,41011.69,100539.44,100503.4,40006.94,85119,14042.23,48342.82,22829.55,13564.38,295119.42,101461.01,193658.4,512680.69,75762.36,189343.57,247574.76,195524.42,97753.58,11543.89,49111.35,37115.59,202151.5,71021.33,131130.17,117482.89,27398.59,21892.15,68192.14,215300.81,125232.6,43804.14,46264.07,29380.96,278159.59,27398.59,71241.9,87323.18,18651.05,41839.49,184475.38,124286.09,60189.29,140177.38,182682.48,384955.04,216668.67,111218.09,57068.28,43173.2,90545.85
q2-2009,2009,4620.62,646499.98,73268.22,15414.61,69013.82,33403.36,34442.31,40150.3,97463.98,98869.2,39294.11,83054.3,14118.69,48007.08,23085.66,13566.24,302128.15,104198.7,197929.45,506518.08,74981.56,186593.22,244943.31,191432.24,94982.45,11518.68,48845.13,36085.97,199137.47,69880.03,129257.44,117369.05,27288,21731.52,68349.54,214039.46,123270.59,43545.08,47223.8,29066.09,280555.08,27288,71877.04,88223.68,19381.54,41672.93,193196.52,124292.96,68903.56,141129.81,181450.24,386040.43,217281.83,111481.09,57277.51,44360.18,91115.67
q3-2009,2009,4595.52,641733.22,74127.96,15159.25,68696.65,33236.12,34743.97,40087.21,96511.51,96906.99,38718.31,81695.5,14174.26,47675.49,23680.03,13721.5,308801.07,106682.78,202118.29,510523.13,76171.02,186784.1,247568.02,190759.94,95274.07,11149.26,48250.84,36085.78,201355.61,71066.51,130289.1,118457.49,27069.33,21902.21,69485.95,216047.4,124521.53,43950.92,47574.95,29345.45,281995.36,27069.33,72504.96,88829.68,19430.63,41494,195810.63,124315.13,71495.51,143440.98,183106.72,389985.57,219610.6,112526.9,57848.07,44241.66,91366.39
q4-2009,2009,4487.91,634549.3,72970.94,14960.54,68269.52,32812.27,34745.76,39874.57,95475.21,95666.79,38160.7,80257.59,14102.07,47253.33,23898.21,13553.06,300265.44,103935.34,196330.1,515096.76,76888,187080.38,251128.38,191332.85,97384.09,10824.66,47965.33,35158.76,201209.36,71300.42,129908.94,116558.27,26644.7,21499.02,68414.56,214986.16,124162.73,43697.43,47126.01,29282.79,281070.4,26644.7,72462.55,88921.91,19168.12,41061.05,186029.04,123476.52,62552.52,144909.54,185372.93,393107.34,221397.14,113317.66,58392.55,43866.42,89824.18
q1-2010,2010,4480.49,632331.45,72194.32,14928.8,67811.42,33150.4,35654.56,39818.02,94471.13,95256.43,37937.52,79373.35,14289.4,47446.1,24187.76,13588.57,300152.6,104119.25,196033.35,514278.28,76226.4,189266.47,248785.4,191523.81,98339.27,10903.8,47655.03,34625.71,201601.12,71468.14,130132.98,116795.4,26496.49,21248.8,69050.11,213995.2,123832.23,43223.38,46939.59,28783.07,282411.05,26496.49,72944.49,89539.5,19419.41,40805.21,184486.93,122895.41,61591.52,145998.11,183709.46,393036.94,221213.12,113366.13,58457.69,44161.65,90496.77
q2-2010,2010,4500.65,633804.34,72650.92,14944.87,67467.76,32822.24,35731.31,40348.6,95004.12,96064.26,38162.43,78799.24,14234.27,47574.32,24691.01,13604.91,309223.25,107579.24,201644.01,515441.01,76773.34,191419.81,247247.85,188747.98,95289.18,11347.34,47680.36,34431.11,202546.88,72184.37,130362.51,116278.38,26429.09,21152.15,68697.14,213520.4,123660.05,42858.22,47002.12,28888.68,283396.12,26429.09,73524.62,90389.7,18972.34,40637.22,203480.24,123183.18,80297.05,146770.45,183670.83,394809.62,222177.73,113844.33,58787.55,44633.44,90476.25
q3-2010,2010,4563.84,638438.62,73526.44,14900.01,68105.43,31792.14,36325.32,40801.73,96512.39,96713.61,38106.5,79170.89,14347.26,48136.9,24917.82,13869.96,314364.18,108706.78,205657.41,518535.47,77892.19,192773.64,247869.64,190230.52,95933.92,11218.8,48354.1,34723.71,199243.53,69764.43,129479.11,118409.43,26357.31,21764.2,70287.91,216101.6,125018,42751.39,48332.22,29639.72,284293.72,26357.31,73845.13,91429.11,19450.64,40449.23,212440.29,123888.48,88551.8,148882.63,185304.42,399560.33,225693.61,114801.29,59065.43,44507.55,91099.66
q4-2010,2010,4443.2,638263.77,73450.05,14892.23,67909.27,30949.94,36692.74,40271.71,96550.42,97841.34,37991.01,79102.26,14357.66,48255.14,25084.36,13959.03,307446.29,103774.21,203672.08,521014.98,77268.79,194517.76,249228.43,193589.22,99637.48,10905.9,48565.54,34480.31,198257.85,71151.9,127105.95,119289.41,26155.16,22357.81,70776.44,216418.66,124965.58,42451.58,49001.49,29829.26,284528.62,26155.16,72830.3,92094.05,19785.91,40733.65,199371.2,123185.68,76185.52,149798.03,187863.74,403602.64,229475.27,114801.89,59325.48,42907.06,90755.03
q1-2011,2011,4326.56,637402.73,72798.8,15771.69,66910.47,29765.62,36908.28,40014.43,96889.02,98577.6,38101.04,78748.57,14805.63,48111.59,25113.85,13973.25,303019.34,103135.5,199883.84,517321.61,76804.3,194797.88,245719.43,195913.01,98859.57,12561.9,50115.94,34375.59,196408.08,69319.19,127088.89,119961.98,25364.49,23084.3,71513.2,215723.32,124731.8,41582.45,49409.07,29031.19,284356.17,25364.49,72228.73,91804.34,20525.58,40794.86,193922.77,123506.26,70416.51,147753.38,188301.72,402764.52,230831.1,113421.96,58511.46,44330.11,89617.06
q2-2011,2011,4306.97,641147.35,73052.95,16063.26,66948.06,29306.4,37467.19,40002.13,97852.51,100629.61,38463.47,78998.75,13800.7,48562.32,25327.59,14024.59,310462.11,107054.05,203408.05,518520.16,76956.61,197308.82,244254.73,192275.84,97513.36,12000.65,49128.87,33632.96,196226.29,68538.44,127687.85,121824.2,25534.2,24020.07,72269.93,215977.15,124463.49,41485.91,50027.76,29618.68,287988.67,25534.2,73494.51,92364.25,21179.91,41536.54,212061.13,126481.65,85579.48,150234.33,188626.41,408930.74,234730.33,114167.45,60032.96,45544.08,90717.12
q3-2011,2011,4320.2,644376.87,73359.27,15962.45,67175.63,29533.08,37501.99,39858.03,98129.93,101084.54,38061.23,80162.41,14171.77,49376.54,25504.05,14097.28,316682.98,108635.18,208047.81,520468.79,77980.17,198143.84,244344.78,194531.97,98877.95,12332.99,49382.39,33938.64,190602.84,67024.33,123578.51,123897.07,25768.37,24530.61,73598.08,217759.49,125238.62,42243.51,50277.36,29514.12,292436.01,25768.37,74867.4,94508.9,20984.73,42586.07,219461.61,129395.01,90066.6,151400.96,190591.78,413174.86,235997.85,115997.69,61179.32,46050.73,91166.92
q4-2011,2011,4199.87,640844.4,72656.28,15635.09,66295.77,29729.23,37112.82,39701.85,97345.41,101188.98,38011.14,79683.1,14072.26,49412.47,25295.91,14215.16,308819.72,102457.56,206362.15,524668.91,78851.45,199053.19,246764.27,196236.34,101056.79,12307.09,49177.45,33695,189590.96,67936.3,121654.66,124618.79,25654.8,24873.57,74090.42,216390.56,124558.49,41945.25,49886.82,29912.21,295109.85,25654.8,75936.51,95790.16,20404.29,42772.72,203227.08,126432.52,76794.56,151940.89,192627.44,416474.78,238792.74,116269.62,61412.42,44423.62,92141.71
q1-2012,2012,4289.01,642138.74,73151.42,15222.46,65457.92,29880.23,38696.6,39846.25,97366.79,101601.61,37820.93,79122.98,13909.67,50061.88,25154.02,14424.17,308203.16,103422.48,204780.68,521257.88,78187.28,199012.77,244057.83,196143.57,101242.82,12869.67,49059.81,32971.27,187584.8,66178.39,121406.4,123564.76,25394.07,24828.95,73341.73,214929.28,122856.24,41951.02,50122.02,32399.97,298780.92,25394.07,77208.65,96818.61,19992.49,44172.99,201966.71,126867.43,75099.28,152626.79,193283.53,420977.92,240567.9,118766.7,61643.32,45893.39,92601.84
q2-2012,2012,4308.49,642564.8,74038.26,15093.29,65559.03,29538.01,38719.67,39684.33,97414.22,101146.66,37670.97,79329,13702.92,50668.43,25031.87,14147.18,316046.13,108157.38,207888.75,520989.89,77892.36,200449.24,242648.29,194754.29,100047.56,12767.48,49291.95,32647.29,188914.98,66271.36,122643.62,123454.06,25381.36,25404.94,72667.76,215812.11,123161.42,42005.83,50644.86,33008.02,301350.51,25381.36,77709,97917.81,20110.9,44222.67,218907.11,129116.1,89791.02,154304.59,194570.05,425506.71,242967.92,120767.18,61771.62,47920.36,92745.99
q3-2012,2012,4448.26,643181.57,74469.04,14337.87,65902.42,29197.24,38851.7,39751.44,98269.41,100181.53,37527.33,79617.79,13572.62,51503.19,24865.28,14622.25,323381.51,109611.08,213770.42,527245.18,79517.99,203852.55,243874.63,197287.98,101569.78,13714.49,49079.62,32924.08,187171.74,65431.09,121740.65,128219.7,25857.04,26009.16,76353.5,217588.61,123529.56,42620.2,51438.85,33675.18,305324,25857.04,79493.64,99669.46,20143.91,44610.12,227515.43,131565.32,95950.11,156495.97,196177.97,430893.26,245935.03,122215.81,62742.42,48534.04,92846.53
q4-2012,2012,4230.87,635423.18,73780.62,13970.22,64873.27,29122.24,38477.73,39528.76,97057.97,98971.14,37116.5,77741.12,13347.02,51436.59,24460.67,14465.64,314266.28,103840.37,210425.91,530610.22,80051.2,203012.22,247546.79,200735.52,105402.34,13432.71,49025.41,32875.06,186181.25,66992.29,119188.96,129944.45,25680.56,25360.62,78903.27,215816.34,122261.1,42513.94,51041.31,34373.7,306787.82,25680.56,80490.05,100001.18,19865.3,44476.24,211676.85,130020.98,81655.88,156889.19,198802.54,435530.48,247978.47,122867.52,64684.49,47463.21,93418.65
q1-2013,2013,4272.99,632793.05,73774.33,13846.04,64131.98,28833.6,38956.57,39364.5,96486.44,99456.47,36290.35,77317.5,13012.67,51322.6,24584.63,14602.73,312628.39,105397.75,207230.64,526886.87,80600.84,203936.44,242349.58,200513,105509.76,13514.65,48657.87,32830.72,184800.99,66032.06,118768.93,131694.28,25512.85,25527.71,80653.72,215479.01,121320.65,42828.39,51329.98,34090.73,308273.03,25512.85,81226.98,100597.4,19424.81,44911.56,205495.16,131515.6,73979.56,158316.85,199687.65,437986.39,248769.31,124081.7,65135.38,48230.52,93282.28
q2-2013,2013,4335.11,631403.08,73426.07,13685.6,63660.59,29258.74,39529.85,39284.92,95746.66,99803.6,36104.83,76759.59,12964.15,51178.49,24658.84,14601.64,321794.17,110882.48,210911.7,526260.83,80134.25,204946.18,241180.4,197921.22,102547.16,14418.95,48851.03,32104.08,185139.44,65358.46,119780.98,132396.12,25606.84,25167.92,81621.36,214038.65,120394.31,42825.41,50818.92,34679.54,309522.33,25606.84,82703.77,100563.76,19614.88,43855.47,223913.41,133686.23,90227.18,160473.6,199382.86,441163.13,249925.02,125481.86,65756.25,49740.06,94418
q3-2013,2013,4350.23,635755.03,74449.18,13621.44,63639.65,28703.69,39940.68,38451.71,95966.31,101156.72,36171.73,77258.43,15167.37,51228.11,24850.27,14685.1,326727.41,112535.31,214192.1,529529.05,80715.67,205982.85,242830.53,199209.46,103102.32,14202.47,49467.23,32437.45,185740.88,65707.39,120033.49,132733.41,24815.85,25793.44,82124.13,215422.21,121296.49,43319.98,50805.73,35070.58,311725.27,24815.85,84185.59,101237.02,19543.26,44546.54,234473.66,136665.62,97808.04,160625.82,203973.65,442985.31,251163.01,126374.75,65447.56,49708.6,93134.29
q4-2013,2013,4264.59,634805.86,74078.67,13551.47,63453.64,28645.02,39817.09,38667.44,96524.89,101002.35,35977.66,76419.91,15010.76,51656.97,24923.02,14756.69,317847.3,106112.47,211734.84,532384.05,79414.22,205213.93,247755.9,200557.16,105137.75,13829,48936.06,32654.36,185033.86,66594.8,118439.05,132802.78,24690.69,25033.49,83078.6,214411.17,119621.11,43159.38,51630.67,34943.23,312015.43,24690.69,83070.21,103133.44,19203.6,44477.59,216363.32,132692.62,83670.7,161130.47,206291.84,444877.49,252208.72,126963.36,65705.41,49325.68,93572.17
q1-2014,2014,4341.87,634728.88,73374.48,13499.66,62793.71,29036.16,40236.65,38977.82,96918.37,102422.34,36106.69,75835.88,14979.68,50547.45,25133.29,14777.53,316622.3,106018.78,210603.51,531425.16,79336.55,206300.5,245788.11,202214.63,106041.13,13992.46,49208.43,32972.6,185475.1,65919.34,119555.76,136693.45,25808.07,25651.76,85233.62,214347.77,119668.83,43262.85,51416.09,35197.35,312194.26,25808.07,83839.69,102395.47,19709.16,44156.66,208841.82,132263.06,76578.76,159189.39,205624.25,445792.79,252070.72,127303.7,66418.37,49310.16,92586.72
q2-2014,2014,4433.72,633162.64,73782.1,13778.79,62213.17,28608.45,40457,39023.94,95849.35,102800.38,35646.48,75623.44,14731.33,50648.21,25241.74,15033.96,325712.97,113415.95,212297.02,525176.52,78751.37,205027.51,241397.64,199206.87,103209.15,14321.07,49038.88,32637.77,186007.67,65190.18,120817.49,137763.64,25942.97,25241.27,86579.4,214304.82,118785.38,42738.84,52780.59,35298.25,312578.66,25942.97,84081.41,102036.19,19999.22,45011.88,226818.95,135325.71,91493.24,159322.4,205011.27,443473.44,249168.03,128060.9,66244.5,50109.82,95574.73
q3-2014,2014,4490.66,638587.16,74824.83,13779.79,62566.36,28936.79,40646.85,39149.18,96785.18,103721.27,35712.28,76585.35,14965.55,50913.72,25679.92,15518.32,328281.91,112703.75,215578.17,527418.76,80244.59,205410.49,241763.67,199894.87,104119.75,14281.74,48677.23,32816.15,187228.93,64713.33,122515.6,137867.12,25986.75,25321.41,86558.97,214963.08,119249.99,43245.71,52467.38,35053.73,316066.07,25986.75,84841.61,104645.54,20215.57,44703.81,234773.24,136998.19,97775.06,160234.93,205891.91,451797.73,255725.64,129667.19,66404.9,50578.7,94014.4
q4-2014,2014,4377.11,634403.26,74531.59,13712.45,62447.92,28344.32,40631.76,38589.31,94871.31,103272.67,35553.79,76429.42,14976.16,51042.54,25464.83,15560.54,318030.03,105667.71,212362.32,531072.11,79547.89,205840.85,245683.37,201884.03,106306.77,13594.33,49215.11,32767.82,185949.98,65725.46,120224.52,136430.77,25538.34,25416.97,85475.46,214590.67,118927.74,42994.53,52668.4,35615.2,317478.35,25538.34,85654.08,104323.93,20210.07,44978.65,217715.48,134719.59,82995.89,161660.5,210307.76,460424.05,261299.06,130734.48,68390.51,48642.67,94401.93
q1-2015,2015,4361.03,632909.25,74890.29,13682.3,62002.25,28219.34,41296.01,39076.99,93934.36,102866.11,35064.18,76622.64,15356.51,49898.27,25694.21,15498.95,318697.51,106049.35,212648.17,526089.54,80518.66,204524.97,241045.91,203557.2,107421.71,13664.09,49815.44,32655.96,183533.2,64806.71,118726.49,138131.42,25530.59,27490.26,85110.57,214981.31,118898.74,42888.03,53194.55,33792.67,318520.44,25530.59,86024.64,104699.18,20243.07,44709.74,211344.02,136208.97,75135.06,159819.13,211602.7,461080.09,262482.22,131526.07,67071.8,49861.33,94743.68
q2-2015,2015,4499.66,630597.07,75462.44,13579.35,62159.77,28334.79,41759.41,38137.99,93480.48,103113.23,34356.03,75693.55,15048.05,49471.99,25941.22,15472.6,324980.67,109971.43,215009.23,530225.99,80447,207449.31,242329.68,199954.09,104862.55,13924.11,49580.68,31586.74,184014.83,63653.95,120360.88,137413.49,24435.76,27569.66,85408.07,214984.03,118451.45,42970.28,53562.3,34401.61,320122.54,24435.76,87666.82,104806.25,20826.44,44100.54,229577.67,137799.65,91778.02,159695.14,213048.54,463415.91,264146.09,131921.11,67348.71,51966.36,96109.5
q3-2015,2015,4500.19,629723,75989.84,13384.52,61951.46,28411.19,41717.53,38030.61,92541.82,103155.27,34386.67,75386.11,14964,49803.98,26154.76,15724.4,328122.87,109046.13,219076.74,526129.8,80638.15,204609.35,240882.3,202100.49,104279.46,14329.44,50616.83,32874.76,181536.06,62211.63,119324.44,136738.18,24269.99,27343.05,85125.14,216853.77,118269.16,43618.84,54965.77,34354.57,321219.59,24269.99,86581.78,106028.28,20975.5,44574.32,233767.61,139362.81,94404.8,160293.43,213418.28,471814.78,269201.86,133711.52,68901.4,53398.51,94872.18
q4-2015,2015,4447.61,627082.41,76026.58,13249.96,61973.22,28316.38,41955.21,37485.17,92866.56,101663.88,33810.09,74171.7,15074.11,50489.53,25840.29,15584.73,318905.66,103821.19,215084.47,524411.27,80518.75,203843.5,240049.02,202743.61,106613.07,13581.33,50053.15,32496.06,185512.1,63914.6,121597.5,136955.48,24117.77,27270.29,85567.43,213517.98,114480.65,43721.44,55315.89,35049.66,324867.63,24117.77,88659.5,107419.15,21055.99,44383.2,220524.37,134920.43,85603.94,160381.2,216528.91,474082.19,271659.25,133698.42,68724.52,53125.65,96302.7
q1-2016,2016,4518.38,618168.81,74762.64,12655.31,61654.92,27669.19,42196.62,37298.24,90191.25,100931.26,32997.02,73621.06,14783.58,49407.72,25634.57,15685.06,315422.18,103366.58,212055.61,521571.92,80500.64,201125.63,239945.65,200105.04,105713.43,13759.56,48642.26,31989.8,184100.17,63328.58,120771.58,138671.5,23974.88,27451.5,87245.12,211682.84,114590.57,42590.44,54501.82,36103.41,324244.84,23974.88,89186.08,106756.63,21142.56,44147.06,206619.39,134216.66,72402.73,160300,215825.76,479191.35,273172.47,135749.42,70269.45,53080.13,94336.16
q2-2016,2016,4476.27,616899.88,75234.57,12545.72,61523.05,28056.89,42372.48,36961.29,90811.13,99464.93,32721.43,73135.51,15055.17,49017.71,25535.28,15853.63,324426.47,107526.73,216899.74,521416.85,81232.04,202101.85,238082.96,200349.05,103920.06,14641.37,50375.01,31412.61,183939.36,62065.29,121874.07,138309.72,24209.47,27383.38,86716.87,209217.74,113775.1,41235.92,54206.71,37588.52,328859.12,24209.47,91273.27,107535.61,21704.14,44661.26,224006.89,137009.15,86997.74,160284.02,216505.31,479213.69,272834.73,136119.03,70259.93,53310.39,94545.54
q3-2016,2016,4501.11,615560.09,74514.7,12637.96,62330.26,27428.17,42851.69,37035.95,90716.19,98403.11,32353.91,73417.83,14777.76,49092.56,25825.79,16118.39,325454.51,108663.48,216791.03,525427.99,82087.11,202649.87,240691.02,202017.88,104603.43,14716.17,50939.34,31758.94,182151.56,62935.91,119215.65,137430.82,24508.28,27207.36,85715.19,210231.21,112968.33,41987.55,55275.33,36783.73,331604.12,24508.28,92101.1,109196.99,21608.42,44820.1,231442,137433.18,94008.81,160169.22,217253.98,486571.24,277972.01,137785.75,70813.47,53409.46,95052.6
q4-2016,2016,4466.44,609667.96,75075.6,12467.22,61778.23,27324.27,41970.23,36852.51,89273.6,96583.49,31526.03,72998.48,14702.98,49115.3,25651.32,15897.66,318966.88,103134.65,215832.22,524553.12,81559.93,200205.32,242787.88,204270.92,107527.51,14666,50561.26,31516.15,183248.5,64625.2,118623.31,138813.66,24566.36,26835.17,87412.13,208855.88,110684.42,42461.39,55710.07,37188.19,335528.88,24566.36,94172.64,109679.68,21785.06,45705.6,219806.42,137104.52,82701.9,160695.24,220326.64,491447.81,280166.17,139400.29,71881.35,52167.72,96065.34
q1-2017,2017,4515.32,607684.96,74869.94,12295.33,61183.15,27793.46,43183.4,36379.48,88850.02,95634.58,31556.78,72379.52,14841.21,48718.08,25059.41,15773.18,316362.44,103860.99,212501.45,516986.66,80685.34,200874.76,235426.56,202321.72,106276.61,13858.43,51111.45,31075.23,180546.77,62847.74,117699.04,136997.33,24821.77,26378.63,85796.93,208763.97,109781.73,42221.15,56761.09,37888.51,334148.77,24821.77,93914.28,109598.21,21673.68,44240.41,211584.71,136550.77,75033.94,159677.21,220550.64,493095.5,280783.11,140099.73,72212.66,52624.56,96493.2
q2-2017,2017,4532.3,608719.65,74550.61,12181.35,61103.41,27647.8,43641.92,37547.43,88639.92,96453.88,31027.34,72473.06,15034.78,48418.15,25342.59,16057.37,325632.4,108073.3,217559.1,515008.97,79831.18,202712.1,232465.7,201423.21,105470.78,14248.11,51227.26,30477.06,182032.56,62715.16,119317.39,137624.92,24587.36,26601.32,86436.24,207185.48,108419.02,42132.74,56633.71,37543.63,337698.62,24587.36,94719.49,109964.88,21480.44,46107.04,227509.45,135681.35,91828.1,160826.36,220216.55,493076.78,279959.08,140653.21,72464.49,54333.59,94758.64
q3-2017,2017,4549.28,611239.61,75554.82,12412.78,61332.17,27804.33,44048.11,37745.27,88376.07,96141.31,30898.87,72783.61,15516.39,48625.89,25273.74,16110.23,327682.56,109943.65,217738.91,517765.62,79754.58,202964.18,235046.86,201362.78,104917.28,14274.13,51566.77,30604.6,182912.38,62268.13,120644.25,139895.11,24710.58,26851.2,88333.32,208258.2,108023.71,42345.19,57889.31,38924.42,338243.46,24710.58,94972.48,111309.62,21882.63,46280.06,235074.19,138815.17,96259.02,161967.44,222357.02,498685.26,282054.72,142588.32,74042.23,56842.27,97521.12
q4-2017,2017,4497.39,610479.15,74788.73,12262.05,61106.86,28055.91,44055.22,37201.76,88037.32,97728.19,30942.26,72743.05,15437.05,48120.77,25043.28,16105.49,323204.26,106723.58,216480.68,514170.22,79584.02,199759.16,234827.05,205426.87,108752.98,14512.27,51836.9,30324.72,185894.34,63379.91,122514.42,142898.02,24825.3,26720.99,91351.73,205852.87,105981.29,42077.46,57794.12,38486.04,339449.2,24825.3,95318.88,112467.02,21959.39,45302.89,221504.23,137140.34,84363.88,162831.39,227867.84,502027.28,283565.02,143694.71,74767.55,56692.78,97321.17
q1-2018,2018,4476.28,613311.75,74547.35,12394.54,59976.04,28092.45,44076.69,37031.51,88863.5,100381.63,30318.85,72940.04,15602.59,49086.57,25073.25,16444.63,322328.36,106056.89,216271.47,511101.04,80049.14,199435.2,231616.69,207486.71,109224.59,15354.19,52499.92,30408.01,187216.98,63857.13,123359.85,144085.44,25069.82,26459.68,92555.94,205471.18,105449.18,41360.54,58661.45,40072.32,343702.76,25069.82,97466.86,111079.84,22486.36,46970.23,222150.46,137623.61,84526.85,161728.91,226911.16,508123.73,287993.01,144369.6,75761.12,56609.68,97841.93
q2-2018,2018,4487.61,617920.22,74482.33,12483.12,59826.1,28602.25,44290.79,37243.51,89528.75,102223.91,30617.36,72783.37,15925.86,49912.87,25248.45,16517.28,329626.21,110702.12,218924.09,511316.14,80922.22,198118.87,232275.05,203607.11,104510.02,15463.65,52592.56,31040.88,190352.02,63089.49,127262.53,143780.28,24652.25,25805.91,93322.12,204087.36,104861.73,41108.19,58117.45,39565.87,347405.97,24652.25,99627.39,112585.91,22888.83,46675.36,239325.35,140486.24,98839.11,162149.54,227913.02,509119.66,289028.99,143373.79,76716.88,57251.15,99309.86
q3-2018,2018,4470.74,622524.39,75672.79,12490.24,59829.71,28724.67,44289.85,37491.15,91096.78,104282.84,30330.69,73325.74,15715.43,49274.49,25462.92,16620.8,334389.09,110462.63,223926.46,511456.44,81555.35,197168.87,232732.21,204654.38,104900.14,15440.8,53217.06,31096.38,193762.06,62580.52,131181.54,143411.38,24755.63,26174.75,92480.99,204157.39,105486.19,40674.14,57997.06,39548.61,353374.21,24755.63,100725.84,113772.78,23928.56,48171.89,244073.33,143587.6,100485.72,162559.58,227806.56,514120.04,292045.71,144433.3,77641.03,56950.06,100984.12
q4-2018,2018,4397.6,622018.72,75359.54,12643.74,58968.66,28801.22,44061.2,37429.31,90790.97,105269.44,30178.12,73416.62,15718.78,49381.11,25103.42,16674.68,324033.13,105199.57,218833.56,512298.06,81932.56,197066.71,233298.79,207829.61,108823.11,15298.59,53095.32,30612.59,189767.22,62654.96,127112.26,145969.16,24111.15,26082.06,95775.95,203160.59,104738.51,40684.78,57737.29,39447.36,354300.34,24111.15,100559.06,113778.27,24015.24,47752.95,235870.09,145753.49,90116.6,163253.03,230724.3,519250.91,296529.06,144442.03,78279.81,57220.49,101732.18
q1-2019,2019,4413.42,623298.69,76311.75,12475.72,58187.67,28678.83,44051.79,36910.34,91905.93,105576.14,30148.95,73448.6,15854.12,49748.85,25273.18,17681.91,326373.42,105109.54,221263.88,509404.13,80915.61,198860.53,229627.99,210019.38,110273.92,15495.31,53246.29,31003.86,191713.22,62826.31,128886.91,147952.31,24416.45,27338.09,96197.77,203146.98,104545.64,40629.07,57972.26,40195.37,358530.63,24416.45,102045.25,113959.22,24540.24,47998.27,233079.26,146620,86459.26,163142.59,229409.62,522610.96,296881.23,146179.14,79550.59,57478.98,102237.17
q2-2019,2019,4327.98,625927.97,76006.65,12490.39,57998.49,28950.72,44156.83,36894.8,92060.02,107322.73,30039.95,73836.72,15815.74,50354.93,25372.53,17826.25,334479.94,110140.31,224339.63,511088.66,80868.36,198801.69,231418.61,207224.53,106611.7,15559.05,53623.67,31430.11,196288.58,63289.95,132998.63,147601.5,24206.95,26743.94,96650.61,203071.04,104378.1,41017.05,57675.89,39797.46,359694.79,24206.95,102672.55,115008.61,25202.82,47990.41,241288.05,147350.44,93937.61,162417.54,229144.53,522839.03,296671.42,146762.78,79404.83,59137.55,103340.51
q3-2019,2019,4444.04,628260.66,77710.09,12629.91,57728.82,28994.74,43719.75,36729.04,92316.93,108668.87,30298.68,73495.82,16199.18,49768.82,25740.65,17784.34,338030.85,112535.12,225495.73,512248.81,81439.87,202149.79,228659.15,207754.42,106618.19,15764.52,53614.12,31757.59,196934.23,62858.91,134075.31,152511.04,24331.1,26491.52,101688.43,204423.61,104847.16,41635.17,57941.28,40603.64,362192.91,24331.1,102728.43,115812.55,25580.27,49501.06,248479.23,147628.51,100850.73,164505.93,230506.98,523302.74,297160.34,146424.33,79718.06,59622.46,100696.81
q4-2019,2019,4373.44,623733.2,76650.01,12753.76,57432.42,29261.35,44256.13,36810.27,93184.89,105971.13,28943.15,72867.96,16355.15,49246.97,25733.31,17831.41,332705.73,105389.15,227316.58,512913.06,81100.49,199905.29,231907.28,211328.18,110210.84,15734.58,53695.43,31687.34,199010.64,63038.13,135972.51,153145.49,23778.5,26454.93,102912.07,203810.13,103812.13,41292.01,58705.99,42267.86,363139.37,23778.5,102241.94,114847.81,25888.88,49687.91,234047.92,146352.64,87695.28,165343.55,236416.96,526068.49,300022.54,146474.72,79571.24,57244.22,101165.45
q1-2020,2020,4420.33,623517.52,77033.75,12676.87,56700.06,29338.35,44381.23,36427.37,92742.15,105552.94,28525.56,73231.8,16186.79,50720.66,26002.68,17618.59,331377.77,106087.28,225290.49,509522.69,81292.67,200871.72,227358.3,210790.43,108387.57,15973.58,53856.32,32572.97,186824.15,61426.75,125397.39,154972.41,24331.69,25459.09,105181.63,203118.53,104083.65,39972.81,59062.08,42843,365742.37,24331.69,103752.19,115420.37,25850.25,50527.97,227592.5,146299.82,81292.68,165137.81,240561.52,529118.69,299679.06,148222.81,81216.81,58631.69,99443.47
q2-2020,2020,4416.2,619201.01,77005.84,12441.44,56005.02,28878.94,44638.19,36356.82,91783.97,105381.26,28253.49,72660.93,15141.33,50653.77,26299.17,17469.35,336063.02,109689.44,226373.59,509914.89,80604.88,198862.69,230447.32,207011.51,104585.06,15743.46,53446.15,33236.84,175719.36,56629.51,119089.85,153935.12,24067.57,25054.78,104812.78,203800.92,104074.69,40665.08,59061.15,43908.22,365443.02,24067.57,104062.21,114655.87,26173.44,50578.61,227391.85,146337.79,81054.07,165609.32,239224.68,534487.41,304031.34,149141.66,81314.4,57468.33,99753.27
q3-2020,2020,4452.68,616781.71,77035.97,12296.53,56254.97,28220.44,44767.28,36398.72,90271.39,104027.15,27755.16,72552.36,15831.89,51369.86,26689.48,17359.22,338597.19,110876.49,227720.7,513407.29,81050.13,200282.1,232075.07,206505,104588.08,15738.3,53349.03,32829.59,179476.44,58549.64,120926.8,155718.25,24131,25127.61,106459.64,207712.71,105638.8,41502.72,60571.18,45059.03,368134.59,24131,106064.09,116097.36,26711.33,49093.68,238460.68,145981.13,92479.55,167625.67,238339.96,540295.44,309114.04,150350.21,80831.19,57715.11,101723.21
q4-2020,2020,4300.59,613654.56,77458.73,12167.4,56233.44,28175.28,44855.51,36240.59,88537.42,104432.44,27220.63,72084.9,15771.18,50477.05,26739.46,17256.81,329897.8,105002.77,224895.03,516155.21,80537.96,198582.19,237035.05,212391,111524.21,14870.75,53308.21,32687.83,173608.64,58521.21,115087.43,157578.56,24331.5,25057.15,108189.91,208653.65,105227.67,41668.46,61757.52,44127.04,369621.05,24331.5,107805.5,116142.82,26976.28,49362.66,220817.36,140812.57,80004.78,168898.9,242445.77,544835.57,312538.31,150073.6,82223.66,57336.67,103301.33
q1-2021,2021,4465.17,609095.78,75684.34,11976.61,55472.08,28273.36,44890.23,36305.63,88260.12,103577.89,26955,71245.84,15658.06,50796.63,26843.96,17188.47,327084.96,104866.1,222218.86,507528.29,79594.89,198035.75,229897.66,208568.1,108671.23,14554.85,52815.24,32526.77,167653.76,56101.27,111552.48,157188.4,23745.18,24874.92,108568.31,209321.89,105347.31,41810.24,62164.34,44354.56,369832.01,23745.18,107223.39,115641.87,28008.78,49953.68,219015.13,140406.82,78608.31,170390.06,243758.08,542976.35,311971.13,148628.57,82376.64,57793.49,103485.92
q2-2021,2021,4246.79,609339.31,76510.36,12049.7,54722.62,28536.36,44315.78,36735.64,87186.95,104040.86,26914.05,71511.04,15320.96,51494.99,26908.33,17225.43,333688.44,109794.19,223894.25,504280.18,79594.36,195439.26,229246.56,204441.96,104401.32,14566.42,53097.02,32377.21,166431.82,55645.17,110786.64,157808.13,23761.33,25556.71,108490.09,209683.29,105536.04,41254.72,62892.53,45178.22,374542.88,23761.33,107776.41,116881.88,29823.41,51174.97,243634.12,141930.09,101704.03,169776.28,242146.39,542143.41,310418.35,148321.55,83403.51,57324.38,105997.3
q3-2021,2021,4201.48,615870.73,77255.74,11870.13,55816.85,29037.84,43585.51,37315.81,89001.5,105000.87,27578.62,72524.03,15210.69,51673.14,27186.53,17468.54,340976.02,111493.47,229482.55,509715.34,80206.86,196014.41,233494.08,209595.05,108445.54,14633.21,54492.42,32023.88,181287.06,58546.66,122740.4,159819.23,24096.72,25176.31,110546.21,212189.35,106419.16,41188.07,64582.12,46618.19,382282.92,24096.72,111743.47,118430.53,30986.81,52811.84,244662.91,144187.55,100475.36,172015.17,243028.35,552959.9,320255.57,149204.1,83500.23,58962.73,108238.66
q4-2021,2021,4459.29,617213.75,78720.43,11490.95,56060.89,29202.69,44126.46,37417.59,88551.85,104843.76,27119.13,72227.99,15178.33,52273.68,27013,17647.47,333465.92,105699.04,227766.88,514268.34,80563.61,195364.79,238339.93,214759.43,113715.66,14343.91,54774.55,31925.31,180973.73,61582.68,119391.05,159689.92,24270.81,25001.51,110417.59,214057.69,106921.09,41490.07,65646.53,46683.48,385316.64,24270.81,113920.16,117359.75,30991.51,53157.89,237183.79,145688.13,91495.66,172637.79,245703.83,555751.92,323210.58,148079.63,84461.71,59257.37,109666.56
q1-2022,2022,4517.39,619866.12,77267.31,11175.63,56241.41,29563.31,44467.09,38138.95,88981.33,106630.93,27068.09,71823.31,15362.67,53146.09,26990.02,17798.41,335376.45,107045.95,228330.5,510701.87,81070.8,197391.26,232239.8,216511.26,113838.52,14078.18,55820.85,32773.71,184527.99,60888.99,123639,161815.53,24470.15,25133.04,112212.34,214472.92,107293.41,41169.76,66009.75,46544.27,385604.53,24470.15,112566.36,119088.16,32090.08,52263.24,234991.29,146784.22,88207.07,170919,246764.94,559478.13,325082.68,149254.12,85141.34,61344.68,109662.77
q2-2022,2022,4491.65,622431.39,77998.31,11438.58,55879,29166.77,45702.47,38277.56,89739.47,107386.13,26848.24,71455.11,15275.84,53263.91,27315.77,18019.08,338375.18,109202.04,229173.13,510697.04,81352.38,198751.42,230593.24,213082.5,109761.94,14887.15,56731.72,31701.69,194139.16,62895.6,131243.56,165545.14,24819.49,24703.81,116021.84,215378.49,106350.39,42276.23,66751.87,46639.2,386115.79,24819.49,113324.22,119115.75,32433.58,51070.8,248214.33,150424.97,97789.36,169851.34,245908,562489,326506.65,149691.18,86291.16,62481.03,111684.69
q3-2022,2022,4450.03,629045.6,78139.78,11321.99,56323.73,28477.59,46905.05,38627.86,89665.48,109517.68,27037.73,73621.75,16030.3,53376.67,27954.27,18053.3,343894.09,110674.43,233219.65,510318.15,80324.26,199771.73,230222.16,214734.5,109316.41,14803.67,58100.33,32514.09,196800.63,64271.83,132528.79,170436.08,25018.16,24671.74,120746.19,217193.44,107580.7,41725.96,67886.78,45307.59,395885.65,25018.16,118616.97,121462.78,32784.99,51628.76,253442.89,152617.92,100824.97,170881.02,248353.17,568354.28,329438.78,150601.84,88313.66,60822.25,110469.8
q4-2022,2022,4392.95,628763,77411.39,11621.48,55555.22,27690.89,47816.33,37435.46,89945.27,110386.67,26892.54,74519.81,15998.97,53488.96,28093.34,18235.44,341036.99,106550.21,234486.78,511915.99,78990.1,201598.84,231327.05,221855.9,115451.04,14681.19,58563.46,33160.22,198303.03,64357.91,133945.12,170372.18,25285.73,24492.9,120593.55,219331.8,108832.63,41843.78,68655.39,44874.96,397690.96,25285.73,120855.27,121507.35,32324.03,51553.86,243821.57,151287.6,92533.97,171671.01,252290.06,572977.4,332450.54,150758.85,89768,61280.09,110424.32
q1-2023,2023,4393.55,630633.7,77777.62,11529.66,56338.74,26805.43,48622.37,37647.41,90764.33,110575.09,26120.78,74856.43,15977.3,53618.54,28652.95,18367.19,339864.11,105976.95,233887.16,514600.18,80160.14,202741.2,231698.84,224011.37,117239.73,14998.25,59223.79,32549.6,198993.33,63936.7,135056.63,173952.95,25038.04,24365.47,124549.44,221225.31,108847.21,42075.74,70302.36,43318.11,398647.58,25038.04,122068.58,120367.67,32554.35,51055.4,244555.09,156160.76,88394.33,171487.93,252948.35,574253.23,332217.62,152480.58,89555.03,60935.52,110553.88
q2-2023,2023,4337.03,635403.73,77853.37,11613.52,56424.63,25901.91,49430.72,37850.47,91485.62,113136.44,25953.74,75589.48,16254.23,53909.59,28348.7,18546.34,342483.5,108054.92,234428.58,514507.46,80263.9,204655.38,229588.18,219007.13,112565.13,15575.88,59808.19,31057.92,201558.78,67207.43,134351.35,174359.87,24760.22,24226.59,125373.06,222529.15,109278.71,43136.23,70114.21,44156.51,399458.99,24760.22,120609.04,121267.25,32989.61,53389.34,264547.78,161891.26,102656.52,172279.26,250138.12,577967.16,333934.62,153031.95,91000.59,60887.93,111207.89
q3-2023,2023,4305.1,637083.33,77842.15,11372.92,55767.52,24844.46,49685.44,37757.11,92084.2,114017.34,26508.93,76438.68,16167.92,54596.65,28803.11,18589.51,344863.52,108142.3,236721.22,515838.45,79963.82,204829.66,231044.98,219910.08,112373.32,16164.55,60758.96,30613.26,204542.27,65665.58,138876.69,174256.9,25116.32,24241.07,124899.51,225761.34,109866.56,44480.67,71414.12,45548.88,399594.15,25116.32,122582.46,121028.06,32242.44,52328.82,259711.21,164403.94,95307.27,174262.38,253180.79,585086.18,335992.02,154375.97,94718.19,61012.3,109917.28
q4-2023,2023,4230.06,634945.39,77955.08,11352.62,54082.53,24010.06,51159.51,37120.67,91883.43,113037.92,26999.39,75866.88,16114.52,55362.76,29370.48,18562.97,338845.39,104016.24,234829.16,517590.68,79980.23,203229.28,234381.16,225521.85,117011.58,16087.48,60816.2,31606.59,201825.72,67513.8,134311.91,174933.85,25608.54,24149.9,125175.41,224621.23,109511.08,43166.44,71943.71,44381.86,403600.99,25608.54,126148.63,121615.11,32271.35,50776.69,258108.08,164108.39,93999.69,174943.24,259691.04,594537.01,340392.98,155676.95,98467.08,59208.92,109647.89
q1-2024,2024,4238.12,636957.58,78194.03,11208.34,54432.56,23527.48,53114.18,36831.66,90875.5,114114.16,26796.39,75685.61,16416.84,55760.83,29658,18575.8,336970.35,102893.89,234076.46,516523.34,80434.27,204114.47,231974.6,226017.7,117273.41,16238.54,61011.55,31494.19,203536.82,67286.99,136249.83,175636.33,25428.7,23899.2,126308.43,226416.46,109863.49,43368.84,73184.12,47779.16,399270.52,25428.7,122667.32,121293.78,32010.94,51253.58,256846.41,160043.4,96803.01,175564.41,258773.25,596896.54,343419.37,155550.22,97926.95,59164.05,109667.34
q2-2024,2024,4362.34,639000.22,80027.39,11558.47,54239.45,23528.22,53268.8,36853.15,90382.57,114791.11,26394.08,76007.75,16692.28,55256.95,30348.24,18734.48,341683.69,104458.09,237225.6,515015.83,80467.14,202478.04,232070.65,225624.88,116176.96,17491,61660.19,30296.73,202226.69,66166.47,136060.22,175579.07,24948.81,23949.53,126680.73,226783.42,110626.64,43719.39,72437.39,48506.45,401655.27,24948.81,124014.56,122532,31934.72,51115.39,265597.56,164511.57,101085.99,175782.82,257142.44,602860.08,348022.62,155580.96,99256.5,61284.91,109270.29
q3-2024,2024,4360.41,638246.44,79421.42,11539.88,54054.55,23791.71,52848.52,36497.8,90817.54,115283.48,26102.15,75440.57,17239.73,55209.1,30786.34,18848.06,346239.02,106505.91,239733.11,516337.22,82379.93,203543.83,230413.46,228925.37,117552.44,17559.01,62740.18,31073.74,198446.91,65711.37,132735.54,176082.79,24420.58,24154.74,127507.47,226998.53,110466.43,44266.2,72265.9,49645.07,403630.21,24420.58,124641.54,123292.31,31775.39,51055.16,265802.66,167090.41,98712.24,177519.96,259433.58,608033.99,351410.35,156706.4,99917.24,61087.12,110444.69
q4-2024,2024,4345.97,635095.42,79072.18,11378.2,53232.04,23680.24,53250.24,36410.9,90620.77,114065.49,25961.72,75136.86,17143.92,55142.86,31022.1,19003.97,340727.68,104357.51,236370.17,516606.5,82295.14,202418.65,231892.71,233279.63,120619.93,17681.65,63320.76,31657.3,202521.05,67530.22,134990.83,176341.24,24309.62,24191.52,127840.1,226483.85,110008.43,44456.78,72018.64,46764.1,404041.64,24309.62,124880.86,124309.26,31800.56,51043.3,255178.17,168554.46,86623.71,179005.38,265489.05,610720.08,353671.79,156928.06,100120.24,58208.1,110569.07
